{
    "carrier0": {
        "initial_head_1_pose": [
            -345,
            4000,
            180
        ],
        "initial_head_2_pose": [
            345,
            800,
            -10
        ],
        "final_head_1_pose": [
            605,
            2000,
            180
        ],
        "final_head_2_pose": [
            1295,
            5300,
            90
        ],
        "primary_controlled_head": 1,
        "primary_nominal_trajectory": "JointLine",
        "part_type": "polygonal_part_0",
        "head_part_center_offset": [
            300,
            0,
            0
        ],
        "q_min": [
            [
                -10000,
                -1850,
                -2000,
                -10000
            ],
            [
                -10000,
                -1850,
                -2000,
                -10000
            ],
            [
                0,
                -3400,
                -5000,
                -20000
            ],
            [
                0,
                -3400,
                -5000,
                -30000
            ],
            [
                -3.14159,
                -1.6,
                -3.14,
                -70
            ],
            [
                -3.14159,
                -1.6,
                -3.14,
                -70
            ]
        ],
        "q_max": [
            [
                10000,
                1850,
                2000,
                10000
            ],
            [
                10000,
                1850,
                2000,
                10000
            ],
            [
                6500,
                3400,
                5000,
                20000
            ],
            [
                6500,
                3400,
                5000,
                20000
            ],
            [
                3.14159,
                1.6,
                3.14,
                70
            ],
            [
                3.14159,
                1.6,
                3.14,
                70
            ]
        ],
        "task_trajectory_motion_limits_xy": [
            2000,
            5000,
            5000
        ],
        "task_trajectory_motion_limits_theta": [
            20,
            40,
            40
        ]
    },
    "carrier1": {
        "initial_head_1_pose": [
            3655,
            1200,
            180
        ],
        "initial_head_2_pose": [
            4345,
            4000,
            0
        ],
        "final_head_1_pose": [
            2955,
            5200,
            90
        ],
        "final_head_2_pose": [
            3645,
            2000,
            0
        ],
        "primary_controlled_head": 0,
        "primary_nominal_trajectory": "JointLine",
        "part_type": "rectangular_part_0",
        "head_part_center_offset": [
            300,
            0,
            0
        ],
        "q_min": [
            [
                -10000,
                -1850,
                -2000,
                -10000
            ],
            [
                -10000,
                -1850,
                -2000,
                -10000
            ],
            [
                0,
                -3400,
                -5000,
                -20000
            ],
            [
                0,
                -3400,
                -5000,
                -20000
            ],
            [
                -3.14159,
                -1.6,
                -3.14,
                -70
            ],
            [
                -3.14159,
                -1.6,
                -3.14,
                -70
            ]
        ],
        "q_max": [
            [
                10000,
                1850,
                2000,
                10000
            ],
            [
                10000,
                1850,
                2000,
                10000
            ],
            [
                6500,
                3400,
                5000,
                20000
            ],
            [
                6500,
                3400,
                5000,
                20000
            ],
            [
                3.14159,
                1.6,
                3.14,
                70
            ],
            [
                3.14159,
                1.6,
                3.14,
                70
            ]
        ],
        "task_trajectory_motion_limits_xy": [
            2000,
            5000,
            5000
        ],
        "task_trajectory_motion_limits_theta": [
            20,
            40,
            40
        ]
    },
    "obstacles": []
}