{
    "carrier0": {
        "initial_head_1_pose": [
            -1,
            -1,
            -1  
        ],
        "initial_head_2_pose": [
            -1,
            -1,
            -1
        ],
        "final_head_1_pose": [
            -1,
            -1,
            -1
        ],
        "final_head_2_pose": [
            -1,
            -1,
            -1
        ],
        "primary_controlled_head": 0,
        "primary_nominal_trajectory": "JointLine",
        "part_type": "default",
        "head_part_center_offset": [
            -1,
            -1,
            -1
        ],
        "q_min": [
            [
                0,
                -1850,
                -2000,
                -10000
            ],
            [
                0,
                -1850,
                -2000,
                -10000
            ],
            [
                0,
                -3400,
                -5000,
                -20000
            ],
            [
                0,
                -3400,
                -5000,
                -20000
            ],
            [
                -3.14159,
                -1.6,
                -3.14,
                -70
            ],
            [
                -3.14159,
                -1.6,
                -3.14,
                -70
            ]
        ],
        "q_max": [
            [
                10000,
                1850,
                2000,
                10000
            ],
            [
                10000,
                1850,
                2000,
                10000
            ],
            [
                6500,
                3400,
                5000,
                20000
            ],
            [
                6500,
                3400,
                5000,
                20000
            ],
            [
                3.14159,
                1.6,
                3.14,
                70
            ],
            [
                3.14159,
                1.6,
                3.14,
                70
            ]
        ],
        "task_trajectory_motion_limits_xy": [
            2000,
            5000,
            5000
        ],
        "task_trajectory_motion_limits_theta": [
            20,
            40,
            40
        ]
    },
    "carrier1": {
        "initial_head_1_pose": [
            -1,
            -1,
            -1
        ],
        "initial_head_2_pose": [
            -1,
            -1,
            -1
        ],
        "final_head_1_pose": [
            -1,
            -1,
            -1
        ],
        "final_head_2_pose": [
            -1,
            -1,
            -1
        ],
        "primary_controlled_head": 0,
        "primary_nominal_trajectory": "JointLine",
        "part_type": "default",
        "head_part_center_offset": [
            -1,
            -1,
            -1
        ],
        "q_min": [
            [
                0,
                -1850,
                -2000,
                -10000
            ],
            [
                0,
                -1850,
                -2000,
                -10000
            ],
            [
                0,
                -3400,
                -5000,
                -20000
            ],
            [
                0,
                -3400,
                -5000,
                -20000
            ],
            [
                -3.14159,
                -1.6,
                -3.14,
                -70
            ],
            [
                -3.14159,
                -1.6,
                -3.14,
                -70
            ]
        ],
        "q_max": [
            [
                10000,
                1850,
                2000,
                10000
            ],
            [
                10000,
                1850,
                2000,
                10000
            ],
            [
                6500,
                3400,
                5000,
                20000
            ],
            [
                6500,
                3400,
                5000,
                20000
            ],
            [
                3.14159,
                1.6,
                3.14,
                70
            ],
            [
                3.14159,
                1.6,
                3.14,
                70
            ]
        ],
        "task_trajectory_motion_limits_xy": [
            2000,
            5000,
            5000
        ],
        "task_trajectory_motion_limits_theta": [
            20,
            40,
            40
        ]
    },
    "obstacles": []
}